<level width="512" height="512">
  <Tiles tileset="BlackParticle" exportMode="XML">
    <tile x="20" y="51" id="0" />
    <tile x="20" y="52" id="0" />
    <tile x="20" y="53" id="0" />
    <tile x="20" y="54" id="0" />
    <tile x="20" y="55" id="0" />
    <tile x="20" y="56" id="0" />
    <tile x="20" y="57" id="0" />
    <tile x="20" y="58" id="0" />
    <tile x="20" y="59" id="0" />
    <tile x="21" y="51" id="0" />
    <tile x="21" y="52" id="0" />
    <tile x="21" y="53" id="0" />
    <tile x="21" y="54" id="0" />
    <tile x="21" y="55" id="0" />
    <tile x="21" y="56" id="0" />
    <tile x="21" y="57" id="0" />
    <tile x="21" y="58" id="0" />
    <tile x="21" y="59" id="0" />
    <tile x="22" y="51" id="0" />
    <tile x="22" y="52" id="0" />
    <tile x="22" y="53" id="0" />
    <tile x="22" y="54" id="0" />
    <tile x="22" y="55" id="0" />
    <tile x="22" y="56" id="0" />
    <tile x="22" y="57" id="0" />
    <tile x="22" y="58" id="0" />
    <tile x="22" y="59" id="0" />
    <tile x="23" y="51" id="0" />
    <tile x="23" y="52" id="0" />
    <tile x="23" y="53" id="0" />
    <tile x="23" y="54" id="0" />
    <tile x="23" y="55" id="0" />
    <tile x="23" y="56" id="0" />
    <tile x="23" y="57" id="0" />
    <tile x="23" y="58" id="0" />
    <tile x="23" y="59" id="0" />
    <tile x="24" y="51" id="0" />
    <tile x="24" y="52" id="0" />
    <tile x="24" y="53" id="0" />
    <tile x="24" y="54" id="0" />
    <tile x="24" y="55" id="0" />
    <tile x="24" y="56" id="0" />
    <tile x="24" y="57" id="0" />
    <tile x="24" y="58" id="0" />
    <tile x="24" y="59" id="0" />
    <tile x="25" y="51" id="0" />
    <tile x="25" y="52" id="0" />
    <tile x="25" y="53" id="0" />
    <tile x="25" y="54" id="0" />
    <tile x="25" y="55" id="0" />
    <tile x="25" y="56" id="0" />
    <tile x="25" y="57" id="0" />
    <tile x="25" y="58" id="0" />
    <tile x="25" y="59" id="0" />
    <tile x="26" y="51" id="0" />
    <tile x="26" y="52" id="0" />
    <tile x="26" y="53" id="0" />
    <tile x="26" y="54" id="0" />
    <tile x="26" y="55" id="0" />
    <tile x="26" y="56" id="0" />
    <tile x="26" y="57" id="0" />
    <tile x="26" y="58" id="0" />
    <tile x="26" y="59" id="0" />
    <tile x="27" y="51" id="0" />
    <tile x="27" y="52" id="0" />
    <tile x="27" y="53" id="0" />
    <tile x="27" y="54" id="0" />
    <tile x="27" y="55" id="0" />
    <tile x="27" y="56" id="0" />
    <tile x="27" y="57" id="0" />
    <tile x="27" y="58" id="0" />
    <tile x="27" y="59" id="0" />
    <tile x="28" y="51" id="0" />
    <tile x="28" y="52" id="0" />
    <tile x="28" y="53" id="0" />
    <tile x="28" y="54" id="0" />
    <tile x="28" y="55" id="0" />
    <tile x="28" y="56" id="0" />
    <tile x="28" y="57" id="0" />
    <tile x="28" y="58" id="0" />
    <tile x="28" y="59" id="0" />
    <tile x="29" y="51" id="0" />
    <tile x="29" y="52" id="0" />
    <tile x="29" y="53" id="0" />
    <tile x="29" y="54" id="0" />
    <tile x="29" y="55" id="0" />
    <tile x="29" y="56" id="0" />
    <tile x="29" y="57" id="0" />
    <tile x="29" y="58" id="0" />
    <tile x="29" y="59" id="0" />
    <tile x="30" y="99" id="0" />
    <tile x="30" y="100" id="0" />
    <tile x="30" y="101" id="0" />
    <tile x="30" y="102" id="0" />
    <tile x="30" y="103" id="0" />
    <tile x="30" y="104" id="0" />
    <tile x="30" y="105" id="0" />
    <tile x="31" y="99" id="0" />
    <tile x="31" y="100" id="0" />
    <tile x="31" y="101" id="0" />
    <tile x="31" y="102" id="0" />
    <tile x="31" y="103" id="0" />
    <tile x="31" y="104" id="0" />
    <tile x="31" y="105" id="0" />
    <tile x="32" y="99" id="0" />
    <tile x="32" y="100" id="0" />
    <tile x="32" y="101" id="0" />
    <tile x="32" y="102" id="0" />
    <tile x="32" y="103" id="0" />
    <tile x="32" y="104" id="0" />
    <tile x="32" y="105" id="0" />
    <tile x="33" y="99" id="0" />
    <tile x="33" y="100" id="0" />
    <tile x="33" y="101" id="0" />
    <tile x="33" y="102" id="0" />
    <tile x="33" y="103" id="0" />
    <tile x="33" y="104" id="0" />
    <tile x="33" y="105" id="0" />
    <tile x="34" y="99" id="0" />
    <tile x="34" y="100" id="0" />
    <tile x="34" y="101" id="0" />
    <tile x="34" y="102" id="0" />
    <tile x="34" y="103" id="0" />
    <tile x="34" y="104" id="0" />
    <tile x="34" y="105" id="0" />
    <tile x="35" y="99" id="0" />
    <tile x="35" y="100" id="0" />
    <tile x="35" y="101" id="0" />
    <tile x="35" y="102" id="0" />
    <tile x="35" y="103" id="0" />
    <tile x="35" y="104" id="0" />
    <tile x="35" y="105" id="0" />
    <tile x="36" y="99" id="0" />
    <tile x="36" y="100" id="0" />
    <tile x="36" y="101" id="0" />
    <tile x="36" y="102" id="0" />
    <tile x="36" y="103" id="0" />
    <tile x="36" y="104" id="0" />
    <tile x="36" y="105" id="0" />
    <tile x="37" y="99" id="0" />
    <tile x="37" y="100" id="0" />
    <tile x="37" y="101" id="0" />
    <tile x="37" y="102" id="0" />
    <tile x="37" y="103" id="0" />
    <tile x="37" y="104" id="0" />
    <tile x="37" y="105" id="0" />
    <tile x="38" y="99" id="0" />
    <tile x="38" y="100" id="0" />
    <tile x="38" y="101" id="0" />
    <tile x="38" y="102" id="0" />
    <tile x="38" y="103" id="0" />
    <tile x="38" y="104" id="0" />
    <tile x="38" y="105" id="0" />
    <tile x="39" y="99" id="0" />
    <tile x="39" y="100" id="0" />
    <tile x="39" y="101" id="0" />
    <tile x="39" y="102" id="0" />
    <tile x="39" y="103" id="0" />
    <tile x="39" y="104" id="0" />
    <tile x="39" y="105" id="0" />
    <tile x="40" y="99" id="0" />
    <tile x="40" y="100" id="0" />
    <tile x="40" y="101" id="0" />
    <tile x="40" y="102" id="0" />
    <tile x="40" y="103" id="0" />
    <tile x="40" y="104" id="0" />
    <tile x="40" y="105" id="0" />
    <tile x="41" y="99" id="0" />
    <tile x="41" y="100" id="0" />
    <tile x="41" y="101" id="0" />
    <tile x="41" y="102" id="0" />
    <tile x="41" y="103" id="0" />
    <tile x="41" y="104" id="0" />
    <tile x="41" y="105" id="0" />
    <tile x="42" y="99" id="0" />
    <tile x="42" y="100" id="0" />
    <tile x="42" y="101" id="0" />
    <tile x="42" y="102" id="0" />
    <tile x="42" y="103" id="0" />
    <tile x="42" y="104" id="0" />
    <tile x="42" y="105" id="0" />
    <tile x="43" y="99" id="0" />
    <tile x="43" y="100" id="0" />
    <tile x="43" y="101" id="0" />
    <tile x="43" y="102" id="0" />
    <tile x="43" y="103" id="0" />
    <tile x="43" y="104" id="0" />
    <tile x="43" y="105" id="0" />
    <tile x="44" y="99" id="0" />
    <tile x="44" y="100" id="0" />
    <tile x="44" y="101" id="0" />
    <tile x="44" y="102" id="0" />
    <tile x="44" y="103" id="0" />
    <tile x="44" y="104" id="0" />
    <tile x="44" y="105" id="0" />
    <tile x="45" y="99" id="0" />
    <tile x="45" y="100" id="0" />
    <tile x="45" y="101" id="0" />
    <tile x="45" y="102" id="0" />
    <tile x="45" y="103" id="0" />
    <tile x="45" y="104" id="0" />
    <tile x="45" y="105" id="0" />
    <tile x="46" y="99" id="0" />
    <tile x="46" y="100" id="0" />
    <tile x="46" y="101" id="0" />
    <tile x="46" y="102" id="0" />
    <tile x="46" y="103" id="0" />
    <tile x="46" y="104" id="0" />
    <tile x="46" y="105" id="0" />
    <tile x="47" y="99" id="0" />
    <tile x="47" y="100" id="0" />
    <tile x="47" y="101" id="0" />
    <tile x="47" y="102" id="0" />
    <tile x="47" y="103" id="0" />
    <tile x="47" y="104" id="0" />
    <tile x="47" y="105" id="0" />
    <tile x="48" y="99" id="0" />
    <tile x="48" y="100" id="0" />
    <tile x="48" y="101" id="0" />
    <tile x="48" y="102" id="0" />
    <tile x="48" y="103" id="0" />
    <tile x="48" y="104" id="0" />
    <tile x="48" y="105" id="0" />
    <tile x="49" y="99" id="0" />
    <tile x="49" y="100" id="0" />
    <tile x="49" y="101" id="0" />
    <tile x="49" y="102" id="0" />
    <tile x="49" y="103" id="0" />
    <tile x="49" y="104" id="0" />
    <tile x="49" y="105" id="0" />
    <tile x="50" y="99" id="0" />
    <tile x="50" y="100" id="0" />
    <tile x="50" y="101" id="0" />
    <tile x="50" y="102" id="0" />
    <tile x="50" y="103" id="0" />
    <tile x="50" y="104" id="0" />
    <tile x="50" y="105" id="0" />
    <tile x="51" y="99" id="0" />
    <tile x="51" y="100" id="0" />
    <tile x="51" y="101" id="0" />
    <tile x="51" y="102" id="0" />
    <tile x="51" y="103" id="0" />
    <tile x="51" y="104" id="0" />
    <tile x="51" y="105" id="0" />
    <tile x="52" y="99" id="0" />
    <tile x="52" y="100" id="0" />
    <tile x="52" y="101" id="0" />
    <tile x="52" y="102" id="0" />
    <tile x="52" y="103" id="0" />
    <tile x="52" y="104" id="0" />
    <tile x="52" y="105" id="0" />
    <tile x="53" y="99" id="0" />
    <tile x="53" y="100" id="0" />
    <tile x="53" y="101" id="0" />
    <tile x="53" y="102" id="0" />
    <tile x="53" y="103" id="0" />
    <tile x="53" y="104" id="0" />
    <tile x="53" y="105" id="0" />
    <tile x="54" y="99" id="0" />
    <tile x="54" y="100" id="0" />
    <tile x="54" y="101" id="0" />
    <tile x="54" y="102" id="0" />
    <tile x="54" y="103" id="0" />
    <tile x="54" y="104" id="0" />
    <tile x="54" y="105" id="0" />
    <tile x="55" y="99" id="0" />
    <tile x="55" y="100" id="0" />
    <tile x="55" y="101" id="0" />
    <tile x="55" y="102" id="0" />
    <tile x="55" y="103" id="0" />
    <tile x="55" y="104" id="0" />
    <tile x="55" y="105" id="0" />
    <tile x="56" y="99" id="0" />
    <tile x="56" y="100" id="0" />
    <tile x="56" y="101" id="0" />
    <tile x="56" y="102" id="0" />
    <tile x="56" y="103" id="0" />
    <tile x="56" y="104" id="0" />
    <tile x="56" y="105" id="0" />
    <tile x="57" y="99" id="0" />
    <tile x="57" y="100" id="0" />
    <tile x="57" y="101" id="0" />
    <tile x="57" y="102" id="0" />
    <tile x="57" y="103" id="0" />
    <tile x="57" y="104" id="0" />
    <tile x="57" y="105" id="0" />
    <tile x="58" y="99" id="0" />
    <tile x="58" y="100" id="0" />
    <tile x="58" y="101" id="0" />
    <tile x="58" y="102" id="0" />
    <tile x="58" y="103" id="0" />
    <tile x="58" y="104" id="0" />
    <tile x="58" y="105" id="0" />
    <tile x="59" y="99" id="0" />
    <tile x="59" y="100" id="0" />
    <tile x="59" y="101" id="0" />
    <tile x="59" y="102" id="0" />
    <tile x="59" y="103" id="0" />
    <tile x="59" y="104" id="0" />
    <tile x="59" y="105" id="0" />
    <tile x="60" y="99" id="0" />
    <tile x="60" y="100" id="0" />
    <tile x="60" y="101" id="0" />
    <tile x="60" y="102" id="0" />
    <tile x="60" y="103" id="0" />
    <tile x="60" y="104" id="0" />
    <tile x="60" y="105" id="0" />
    <tile x="61" y="99" id="0" />
    <tile x="61" y="100" id="0" />
    <tile x="61" y="101" id="0" />
    <tile x="61" y="102" id="0" />
    <tile x="61" y="103" id="0" />
    <tile x="61" y="104" id="0" />
    <tile x="61" y="105" id="0" />
    <tile x="62" y="99" id="0" />
    <tile x="62" y="100" id="0" />
    <tile x="62" y="101" id="0" />
    <tile x="62" y="102" id="0" />
    <tile x="62" y="103" id="0" />
    <tile x="62" y="104" id="0" />
    <tile x="62" y="105" id="0" />
    <tile x="63" y="99" id="0" />
    <tile x="63" y="100" id="0" />
    <tile x="63" y="101" id="0" />
    <tile x="63" y="102" id="0" />
    <tile x="63" y="103" id="0" />
    <tile x="63" y="104" id="0" />
    <tile x="63" y="105" id="0" />
    <tile x="64" y="99" id="0" />
    <tile x="64" y="100" id="0" />
    <tile x="64" y="101" id="0" />
    <tile x="64" y="102" id="0" />
    <tile x="64" y="103" id="0" />
    <tile x="64" y="104" id="0" />
    <tile x="64" y="105" id="0" />
    <tile x="65" y="99" id="0" />
    <tile x="65" y="100" id="0" />
    <tile x="65" y="101" id="0" />
    <tile x="65" y="102" id="0" />
    <tile x="65" y="103" id="0" />
    <tile x="65" y="104" id="0" />
    <tile x="65" y="105" id="0" />
    <tile x="66" y="99" id="0" />
    <tile x="66" y="100" id="0" />
    <tile x="66" y="101" id="0" />
    <tile x="66" y="102" id="0" />
    <tile x="66" y="103" id="0" />
    <tile x="66" y="104" id="0" />
    <tile x="66" y="105" id="0" />
    <tile x="67" y="99" id="0" />
    <tile x="67" y="100" id="0" />
    <tile x="67" y="101" id="0" />
    <tile x="67" y="102" id="0" />
    <tile x="67" y="103" id="0" />
    <tile x="67" y="104" id="0" />
    <tile x="67" y="105" id="0" />
    <tile x="68" y="99" id="0" />
    <tile x="68" y="100" id="0" />
    <tile x="68" y="101" id="0" />
    <tile x="68" y="102" id="0" />
    <tile x="68" y="103" id="0" />
    <tile x="68" y="104" id="0" />
    <tile x="68" y="105" id="0" />
    <tile x="69" y="99" id="0" />
    <tile x="69" y="100" id="0" />
    <tile x="69" y="101" id="0" />
    <tile x="69" y="102" id="0" />
    <tile x="69" y="103" id="0" />
    <tile x="69" y="104" id="0" />
    <tile x="69" y="105" id="0" />
    <tile x="70" y="99" id="0" />
    <tile x="70" y="100" id="0" />
    <tile x="70" y="101" id="0" />
    <tile x="70" y="102" id="0" />
    <tile x="70" y="103" id="0" />
    <tile x="70" y="104" id="0" />
    <tile x="70" y="105" id="0" />
    <tile x="71" y="99" id="0" />
    <tile x="71" y="100" id="0" />
    <tile x="71" y="101" id="0" />
    <tile x="71" y="102" id="0" />
    <tile x="71" y="103" id="0" />
    <tile x="71" y="104" id="0" />
    <tile x="71" y="105" id="0" />
    <tile x="72" y="99" id="0" />
    <tile x="72" y="100" id="0" />
    <tile x="72" y="101" id="0" />
    <tile x="72" y="102" id="0" />
    <tile x="72" y="103" id="0" />
    <tile x="72" y="104" id="0" />
    <tile x="72" y="105" id="0" />
    <tile x="73" y="99" id="0" />
    <tile x="73" y="100" id="0" />
    <tile x="73" y="101" id="0" />
    <tile x="73" y="102" id="0" />
    <tile x="73" y="103" id="0" />
    <tile x="73" y="104" id="0" />
    <tile x="73" y="105" id="0" />
    <tile x="74" y="99" id="0" />
    <tile x="74" y="100" id="0" />
    <tile x="74" y="101" id="0" />
    <tile x="74" y="102" id="0" />
    <tile x="74" y="103" id="0" />
    <tile x="74" y="104" id="0" />
    <tile x="74" y="105" id="0" />
    <tile x="75" y="99" id="0" />
    <tile x="75" y="100" id="0" />
    <tile x="75" y="101" id="0" />
    <tile x="75" y="102" id="0" />
    <tile x="75" y="103" id="0" />
    <tile x="75" y="104" id="0" />
    <tile x="75" y="105" id="0" />
    <tile x="76" y="99" id="0" />
    <tile x="76" y="100" id="0" />
    <tile x="76" y="101" id="0" />
    <tile x="76" y="102" id="0" />
    <tile x="76" y="103" id="0" />
    <tile x="76" y="104" id="0" />
    <tile x="76" y="105" id="0" />
    <tile x="77" y="99" id="0" />
    <tile x="77" y="100" id="0" />
    <tile x="77" y="101" id="0" />
    <tile x="77" y="102" id="0" />
    <tile x="77" y="103" id="0" />
    <tile x="77" y="104" id="0" />
    <tile x="77" y="105" id="0" />
    <tile x="78" y="99" id="0" />
    <tile x="78" y="100" id="0" />
    <tile x="78" y="101" id="0" />
    <tile x="78" y="102" id="0" />
    <tile x="78" y="103" id="0" />
    <tile x="78" y="104" id="0" />
    <tile x="78" y="105" id="0" />
    <tile x="79" y="99" id="0" />
    <tile x="79" y="100" id="0" />
    <tile x="79" y="101" id="0" />
    <tile x="79" y="102" id="0" />
    <tile x="79" y="103" id="0" />
    <tile x="79" y="104" id="0" />
    <tile x="79" y="105" id="0" />
    <tile x="80" y="99" id="0" />
    <tile x="80" y="100" id="0" />
    <tile x="80" y="101" id="0" />
    <tile x="80" y="102" id="0" />
    <tile x="80" y="103" id="0" />
    <tile x="80" y="104" id="0" />
    <tile x="80" y="105" id="0" />
    <tile x="81" y="99" id="0" />
    <tile x="81" y="100" id="0" />
    <tile x="81" y="101" id="0" />
    <tile x="81" y="102" id="0" />
    <tile x="81" y="103" id="0" />
    <tile x="81" y="104" id="0" />
    <tile x="81" y="105" id="0" />
    <tile x="82" y="99" id="0" />
    <tile x="82" y="100" id="0" />
    <tile x="82" y="101" id="0" />
    <tile x="82" y="102" id="0" />
    <tile x="82" y="103" id="0" />
    <tile x="82" y="104" id="0" />
    <tile x="82" y="105" id="0" />
    <tile x="83" y="99" id="0" />
    <tile x="83" y="100" id="0" />
    <tile x="83" y="101" id="0" />
    <tile x="83" y="102" id="0" />
    <tile x="83" y="103" id="0" />
    <tile x="83" y="104" id="0" />
    <tile x="83" y="105" id="0" />
    <tile x="84" y="99" id="0" />
    <tile x="84" y="100" id="0" />
    <tile x="84" y="101" id="0" />
    <tile x="84" y="102" id="0" />
    <tile x="84" y="103" id="0" />
    <tile x="84" y="104" id="0" />
    <tile x="84" y="105" id="0" />
    <tile x="85" y="99" id="0" />
    <tile x="85" y="100" id="0" />
    <tile x="85" y="101" id="0" />
    <tile x="85" y="102" id="0" />
    <tile x="85" y="103" id="0" />
    <tile x="85" y="104" id="0" />
    <tile x="85" y="105" id="0" />
    <tile x="86" y="99" id="0" />
    <tile x="86" y="100" id="0" />
    <tile x="86" y="101" id="0" />
    <tile x="86" y="102" id="0" />
    <tile x="86" y="103" id="0" />
    <tile x="86" y="104" id="0" />
    <tile x="86" y="105" id="0" />
    <tile x="87" y="99" id="0" />
    <tile x="87" y="100" id="0" />
    <tile x="87" y="101" id="0" />
    <tile x="87" y="102" id="0" />
    <tile x="87" y="103" id="0" />
    <tile x="87" y="104" id="0" />
    <tile x="87" y="105" id="0" />
    <tile x="88" y="99" id="0" />
    <tile x="88" y="100" id="0" />
    <tile x="88" y="101" id="0" />
    <tile x="88" y="102" id="0" />
    <tile x="88" y="103" id="0" />
    <tile x="88" y="104" id="0" />
    <tile x="88" y="105" id="0" />
    <tile x="89" y="99" id="0" />
    <tile x="89" y="100" id="0" />
    <tile x="89" y="101" id="0" />
    <tile x="89" y="102" id="0" />
    <tile x="89" y="103" id="0" />
    <tile x="89" y="104" id="0" />
    <tile x="89" y="105" id="0" />
    <tile x="90" y="99" id="0" />
    <tile x="90" y="100" id="0" />
    <tile x="90" y="101" id="0" />
    <tile x="90" y="102" id="0" />
    <tile x="90" y="103" id="0" />
    <tile x="90" y="104" id="0" />
    <tile x="90" y="105" id="0" />
    <tile x="91" y="99" id="0" />
    <tile x="91" y="100" id="0" />
    <tile x="91" y="101" id="0" />
    <tile x="91" y="102" id="0" />
    <tile x="91" y="103" id="0" />
    <tile x="91" y="104" id="0" />
    <tile x="91" y="105" id="0" />
    <tile x="92" y="99" id="0" />
    <tile x="92" y="100" id="0" />
    <tile x="92" y="101" id="0" />
    <tile x="92" y="102" id="0" />
    <tile x="92" y="103" id="0" />
    <tile x="92" y="104" id="0" />
    <tile x="92" y="105" id="0" />
    <tile x="93" y="99" id="0" />
    <tile x="93" y="100" id="0" />
    <tile x="93" y="101" id="0" />
    <tile x="93" y="102" id="0" />
    <tile x="93" y="103" id="0" />
    <tile x="93" y="104" id="0" />
    <tile x="93" y="105" id="0" />
    <tile x="94" y="99" id="0" />
    <tile x="94" y="100" id="0" />
    <tile x="94" y="101" id="0" />
    <tile x="94" y="102" id="0" />
    <tile x="94" y="103" id="0" />
    <tile x="94" y="104" id="0" />
    <tile x="94" y="105" id="0" />
    <tile x="95" y="99" id="0" />
    <tile x="95" y="100" id="0" />
    <tile x="95" y="101" id="0" />
    <tile x="95" y="102" id="0" />
    <tile x="95" y="103" id="0" />
    <tile x="95" y="104" id="0" />
    <tile x="95" y="105" id="0" />
    <tile x="96" y="99" id="0" />
    <tile x="96" y="100" id="0" />
    <tile x="96" y="101" id="0" />
    <tile x="96" y="102" id="0" />
    <tile x="96" y="103" id="0" />
    <tile x="96" y="104" id="0" />
    <tile x="96" y="105" id="0" />
    <tile x="97" y="99" id="0" />
    <tile x="97" y="100" id="0" />
    <tile x="97" y="101" id="0" />
    <tile x="97" y="102" id="0" />
    <tile x="97" y="103" id="0" />
    <tile x="97" y="104" id="0" />
    <tile x="97" y="105" id="0" />
    <tile x="98" y="99" id="0" />
    <tile x="98" y="100" id="0" />
    <tile x="98" y="101" id="0" />
    <tile x="98" y="102" id="0" />
    <tile x="98" y="103" id="0" />
    <tile x="98" y="104" id="0" />
    <tile x="98" y="105" id="0" />
    <tile x="99" y="99" id="0" />
    <tile x="99" y="100" id="0" />
    <tile x="99" y="101" id="0" />
    <tile x="99" y="102" id="0" />
    <tile x="99" y="103" id="0" />
    <tile x="99" y="104" id="0" />
    <tile x="99" y="105" id="0" />
    <tile x="100" y="99" id="0" />
    <tile x="100" y="100" id="0" />
    <tile x="100" y="101" id="0" />
    <tile x="100" y="102" id="0" />
    <tile x="100" y="103" id="0" />
    <tile x="100" y="104" id="0" />
    <tile x="100" y="105" id="0" />
    <tile x="101" y="99" id="0" />
    <tile x="101" y="100" id="0" />
    <tile x="101" y="101" id="0" />
    <tile x="101" y="102" id="0" />
    <tile x="101" y="103" id="0" />
    <tile x="101" y="104" id="0" />
    <tile x="101" y="105" id="0" />
    <tile x="102" y="99" id="0" />
    <tile x="102" y="100" id="0" />
    <tile x="102" y="101" id="0" />
    <tile x="102" y="102" id="0" />
    <tile x="102" y="103" id="0" />
    <tile x="102" y="104" id="0" />
    <tile x="102" y="105" id="0" />
    <tile x="103" y="99" id="0" />
    <tile x="103" y="100" id="0" />
    <tile x="103" y="101" id="0" />
    <tile x="103" y="102" id="0" />
    <tile x="103" y="103" id="0" />
    <tile x="103" y="104" id="0" />
    <tile x="103" y="105" id="0" />
    <tile x="104" y="99" id="0" />
    <tile x="104" y="100" id="0" />
    <tile x="104" y="101" id="0" />
    <tile x="104" y="102" id="0" />
    <tile x="104" y="103" id="0" />
    <tile x="104" y="104" id="0" />
    <tile x="104" y="105" id="0" />
    <tile x="105" y="99" id="0" />
    <tile x="105" y="100" id="0" />
    <tile x="105" y="101" id="0" />
    <tile x="105" y="102" id="0" />
    <tile x="105" y="103" id="0" />
    <tile x="105" y="104" id="0" />
    <tile x="105" y="105" id="0" />
    <tile x="106" y="99" id="0" />
    <tile x="106" y="100" id="0" />
    <tile x="106" y="101" id="0" />
    <tile x="106" y="102" id="0" />
    <tile x="106" y="103" id="0" />
    <tile x="106" y="104" id="0" />
    <tile x="106" y="105" id="0" />
    <tile x="107" y="99" id="0" />
    <tile x="107" y="100" id="0" />
    <tile x="107" y="101" id="0" />
    <tile x="107" y="102" id="0" />
    <tile x="107" y="103" id="0" />
    <tile x="107" y="104" id="0" />
    <tile x="107" y="105" id="0" />
    <tile x="108" y="99" id="0" />
    <tile x="108" y="100" id="0" />
    <tile x="108" y="101" id="0" />
    <tile x="108" y="102" id="0" />
    <tile x="108" y="103" id="0" />
    <tile x="108" y="104" id="0" />
    <tile x="108" y="105" id="0" />
    <tile x="109" y="99" id="0" />
    <tile x="109" y="100" id="0" />
    <tile x="109" y="101" id="0" />
    <tile x="109" y="102" id="0" />
    <tile x="109" y="103" id="0" />
    <tile x="109" y="104" id="0" />
    <tile x="109" y="105" id="0" />
    <tile x="110" y="99" id="0" />
    <tile x="110" y="100" id="0" />
    <tile x="110" y="101" id="0" />
    <tile x="110" y="102" id="0" />
    <tile x="110" y="103" id="0" />
    <tile x="110" y="104" id="0" />
    <tile x="110" y="105" id="0" />
    <tile x="111" y="99" id="0" />
    <tile x="111" y="100" id="0" />
    <tile x="111" y="101" id="0" />
    <tile x="111" y="102" id="0" />
    <tile x="111" y="103" id="0" />
    <tile x="111" y="104" id="0" />
    <tile x="111" y="105" id="0" />
    <tile x="112" y="99" id="0" />
    <tile x="112" y="100" id="0" />
    <tile x="112" y="101" id="0" />
    <tile x="112" y="102" id="0" />
    <tile x="112" y="103" id="0" />
    <tile x="112" y="104" id="0" />
    <tile x="112" y="105" id="0" />
    <tile x="113" y="99" id="0" />
    <tile x="113" y="100" id="0" />
    <tile x="113" y="101" id="0" />
    <tile x="113" y="102" id="0" />
    <tile x="113" y="103" id="0" />
    <tile x="113" y="104" id="0" />
    <tile x="113" y="105" id="0" />
    <tile x="114" y="99" id="0" />
    <tile x="114" y="100" id="0" />
    <tile x="114" y="101" id="0" />
    <tile x="114" y="102" id="0" />
    <tile x="114" y="103" id="0" />
    <tile x="114" y="104" id="0" />
    <tile x="114" y="105" id="0" />
    <tile x="115" y="99" id="0" />
    <tile x="115" y="100" id="0" />
    <tile x="115" y="101" id="0" />
    <tile x="115" y="102" id="0" />
    <tile x="115" y="103" id="0" />
    <tile x="115" y="104" id="0" />
    <tile x="115" y="105" id="0" />
    <tile x="116" y="99" id="0" />
    <tile x="116" y="100" id="0" />
    <tile x="116" y="101" id="0" />
    <tile x="116" y="102" id="0" />
    <tile x="116" y="103" id="0" />
    <tile x="116" y="104" id="0" />
    <tile x="116" y="105" id="0" />
    <tile x="117" y="99" id="0" />
    <tile x="117" y="100" id="0" />
    <tile x="117" y="101" id="0" />
    <tile x="117" y="102" id="0" />
    <tile x="117" y="103" id="0" />
    <tile x="117" y="104" id="0" />
    <tile x="117" y="105" id="0" />
    <tile x="118" y="99" id="0" />
    <tile x="118" y="100" id="0" />
    <tile x="118" y="101" id="0" />
    <tile x="118" y="102" id="0" />
    <tile x="118" y="103" id="0" />
    <tile x="118" y="104" id="0" />
    <tile x="118" y="105" id="0" />
    <tile x="119" y="99" id="0" />
    <tile x="119" y="100" id="0" />
    <tile x="119" y="101" id="0" />
    <tile x="119" y="102" id="0" />
    <tile x="119" y="103" id="0" />
    <tile x="119" y="104" id="0" />
    <tile x="119" y="105" id="0" />
    <tile x="120" y="99" id="0" />
    <tile x="120" y="100" id="0" />
    <tile x="120" y="101" id="0" />
    <tile x="120" y="102" id="0" />
    <tile x="120" y="103" id="0" />
    <tile x="120" y="104" id="0" />
    <tile x="120" y="105" id="0" />
    <tile x="121" y="99" id="0" />
    <tile x="121" y="100" id="0" />
    <tile x="121" y="101" id="0" />
    <tile x="121" y="102" id="0" />
    <tile x="121" y="103" id="0" />
    <tile x="121" y="104" id="0" />
    <tile x="121" y="105" id="0" />
    <tile x="122" y="99" id="0" />
    <tile x="122" y="100" id="0" />
    <tile x="122" y="101" id="0" />
    <tile x="122" y="102" id="0" />
    <tile x="122" y="103" id="0" />
    <tile x="122" y="104" id="0" />
    <tile x="122" y="105" id="0" />
    <tile x="123" y="99" id="0" />
    <tile x="123" y="100" id="0" />
    <tile x="123" y="101" id="0" />
    <tile x="123" y="102" id="0" />
    <tile x="123" y="103" id="0" />
    <tile x="123" y="104" id="0" />
    <tile x="123" y="105" id="0" />
    <tile x="124" y="99" id="0" />
    <tile x="124" y="100" id="0" />
    <tile x="124" y="101" id="0" />
    <tile x="124" y="102" id="0" />
    <tile x="124" y="103" id="0" />
    <tile x="124" y="104" id="0" />
    <tile x="124" y="105" id="0" />
    <tile x="125" y="99" id="0" />
    <tile x="125" y="100" id="0" />
    <tile x="125" y="101" id="0" />
    <tile x="125" y="102" id="0" />
    <tile x="125" y="103" id="0" />
    <tile x="125" y="104" id="0" />
    <tile x="125" y="105" id="0" />
    <tile x="126" y="99" id="0" />
    <tile x="126" y="100" id="0" />
    <tile x="126" y="101" id="0" />
    <tile x="126" y="102" id="0" />
    <tile x="126" y="103" id="0" />
    <tile x="126" y="104" id="0" />
    <tile x="126" y="105" id="0" />
    <tile x="127" y="99" id="0" />
    <tile x="127" y="100" id="0" />
    <tile x="127" y="101" id="0" />
    <tile x="127" y="102" id="0" />
    <tile x="127" y="103" id="0" />
    <tile x="127" y="104" id="0" />
    <tile x="127" y="105" id="0" />
    <tile x="128" y="99" id="0" />
    <tile x="128" y="100" id="0" />
    <tile x="128" y="101" id="0" />
    <tile x="128" y="102" id="0" />
    <tile x="128" y="103" id="0" />
    <tile x="128" y="104" id="0" />
    <tile x="128" y="105" id="0" />
    <tile x="129" y="99" id="0" />
    <tile x="129" y="100" id="0" />
    <tile x="129" y="101" id="0" />
    <tile x="129" y="102" id="0" />
    <tile x="129" y="103" id="0" />
    <tile x="129" y="104" id="0" />
    <tile x="129" y="105" id="0" />
    <tile x="130" y="99" id="0" />
    <tile x="130" y="100" id="0" />
    <tile x="130" y="101" id="0" />
    <tile x="130" y="102" id="0" />
    <tile x="130" y="103" id="0" />
    <tile x="130" y="104" id="0" />
    <tile x="130" y="105" id="0" />
    <tile x="131" y="99" id="0" />
    <tile x="131" y="100" id="0" />
    <tile x="131" y="101" id="0" />
    <tile x="131" y="102" id="0" />
    <tile x="131" y="103" id="0" />
    <tile x="131" y="104" id="0" />
    <tile x="131" y="105" id="0" />
    <tile x="132" y="99" id="0" />
    <tile x="132" y="100" id="0" />
    <tile x="132" y="101" id="0" />
    <tile x="132" y="102" id="0" />
    <tile x="132" y="103" id="0" />
    <tile x="132" y="104" id="0" />
    <tile x="132" y="105" id="0" />
    <tile x="133" y="99" id="0" />
    <tile x="133" y="100" id="0" />
    <tile x="133" y="101" id="0" />
    <tile x="133" y="102" id="0" />
    <tile x="133" y="103" id="0" />
    <tile x="133" y="104" id="0" />
    <tile x="133" y="105" id="0" />
    <tile x="134" y="99" id="0" />
    <tile x="134" y="100" id="0" />
    <tile x="134" y="101" id="0" />
    <tile x="134" y="102" id="0" />
    <tile x="134" y="103" id="0" />
    <tile x="134" y="104" id="0" />
    <tile x="134" y="105" id="0" />
    <tile x="135" y="99" id="0" />
    <tile x="135" y="100" id="0" />
    <tile x="135" y="101" id="0" />
    <tile x="135" y="102" id="0" />
    <tile x="135" y="103" id="0" />
    <tile x="135" y="104" id="0" />
    <tile x="135" y="105" id="0" />
    <tile x="136" y="99" id="0" />
    <tile x="136" y="100" id="0" />
    <tile x="136" y="101" id="0" />
    <tile x="136" y="102" id="0" />
    <tile x="136" y="103" id="0" />
    <tile x="136" y="104" id="0" />
    <tile x="136" y="105" id="0" />
    <tile x="137" y="99" id="0" />
    <tile x="137" y="100" id="0" />
    <tile x="137" y="101" id="0" />
    <tile x="137" y="102" id="0" />
    <tile x="137" y="103" id="0" />
    <tile x="137" y="104" id="0" />
    <tile x="137" y="105" id="0" />
    <tile x="138" y="99" id="0" />
    <tile x="138" y="100" id="0" />
    <tile x="138" y="101" id="0" />
    <tile x="138" y="102" id="0" />
    <tile x="138" y="103" id="0" />
    <tile x="138" y="104" id="0" />
    <tile x="138" y="105" id="0" />
    <tile x="139" y="99" id="0" />
    <tile x="139" y="100" id="0" />
    <tile x="139" y="101" id="0" />
    <tile x="139" y="102" id="0" />
    <tile x="139" y="103" id="0" />
    <tile x="139" y="104" id="0" />
    <tile x="139" y="105" id="0" />
    <tile x="140" y="99" id="0" />
    <tile x="140" y="100" id="0" />
    <tile x="140" y="101" id="0" />
    <tile x="140" y="102" id="0" />
    <tile x="140" y="103" id="0" />
    <tile x="140" y="104" id="0" />
    <tile x="140" y="105" id="0" />
    <tile x="141" y="99" id="0" />
    <tile x="141" y="100" id="0" />
    <tile x="141" y="101" id="0" />
    <tile x="141" y="102" id="0" />
    <tile x="141" y="103" id="0" />
    <tile x="141" y="104" id="0" />
    <tile x="141" y="105" id="0" />
    <tile x="142" y="99" id="0" />
    <tile x="142" y="100" id="0" />
    <tile x="142" y="101" id="0" />
    <tile x="142" y="102" id="0" />
    <tile x="142" y="103" id="0" />
    <tile x="142" y="104" id="0" />
    <tile x="142" y="105" id="0" />
    <tile x="143" y="99" id="0" />
    <tile x="143" y="100" id="0" />
    <tile x="143" y="101" id="0" />
    <tile x="143" y="102" id="0" />
    <tile x="143" y="103" id="0" />
    <tile x="143" y="104" id="0" />
    <tile x="143" y="105" id="0" />
    <tile x="144" y="99" id="0" />
    <tile x="144" y="100" id="0" />
    <tile x="144" y="101" id="0" />
    <tile x="144" y="102" id="0" />
    <tile x="144" y="103" id="0" />
    <tile x="144" y="104" id="0" />
    <tile x="144" y="105" id="0" />
    <tile x="145" y="99" id="0" />
    <tile x="145" y="100" id="0" />
    <tile x="145" y="101" id="0" />
    <tile x="145" y="102" id="0" />
    <tile x="145" y="103" id="0" />
    <tile x="145" y="104" id="0" />
    <tile x="145" y="105" id="0" />
    <tile x="146" y="99" id="0" />
    <tile x="146" y="100" id="0" />
    <tile x="146" y="101" id="0" />
    <tile x="146" y="102" id="0" />
    <tile x="146" y="103" id="0" />
    <tile x="146" y="104" id="0" />
    <tile x="146" y="105" id="0" />
    <tile x="147" y="99" id="0" />
    <tile x="147" y="100" id="0" />
    <tile x="147" y="101" id="0" />
    <tile x="147" y="102" id="0" />
    <tile x="147" y="103" id="0" />
    <tile x="147" y="104" id="0" />
    <tile x="147" y="105" id="0" />
    <tile x="148" y="99" id="0" />
    <tile x="148" y="100" id="0" />
    <tile x="148" y="101" id="0" />
    <tile x="148" y="102" id="0" />
    <tile x="148" y="103" id="0" />
    <tile x="148" y="104" id="0" />
    <tile x="148" y="105" id="0" />
    <tile x="149" y="99" id="0" />
    <tile x="149" y="100" id="0" />
    <tile x="149" y="101" id="0" />
    <tile x="149" y="102" id="0" />
    <tile x="149" y="103" id="0" />
    <tile x="149" y="104" id="0" />
    <tile x="149" y="105" id="0" />
    <tile x="150" y="99" id="0" />
    <tile x="150" y="100" id="0" />
    <tile x="150" y="101" id="0" />
    <tile x="150" y="102" id="0" />
    <tile x="150" y="103" id="0" />
    <tile x="150" y="104" id="0" />
    <tile x="150" y="105" id="0" />
    <tile x="151" y="99" id="0" />
    <tile x="151" y="100" id="0" />
    <tile x="151" y="101" id="0" />
    <tile x="151" y="102" id="0" />
    <tile x="151" y="103" id="0" />
    <tile x="151" y="104" id="0" />
    <tile x="151" y="105" id="0" />
    <tile x="152" y="99" id="0" />
    <tile x="152" y="100" id="0" />
    <tile x="152" y="101" id="0" />
    <tile x="152" y="102" id="0" />
    <tile x="152" y="103" id="0" />
    <tile x="152" y="104" id="0" />
    <tile x="152" y="105" id="0" />
    <tile x="153" y="99" id="0" />
    <tile x="153" y="100" id="0" />
    <tile x="153" y="101" id="0" />
    <tile x="153" y="102" id="0" />
    <tile x="153" y="103" id="0" />
    <tile x="153" y="104" id="0" />
    <tile x="153" y="105" id="0" />
    <tile x="154" y="99" id="0" />
    <tile x="154" y="100" id="0" />
    <tile x="154" y="101" id="0" />
    <tile x="154" y="102" id="0" />
    <tile x="154" y="103" id="0" />
    <tile x="154" y="104" id="0" />
    <tile x="154" y="105" id="0" />
    <tile x="155" y="99" id="0" />
    <tile x="155" y="100" id="0" />
    <tile x="155" y="101" id="0" />
    <tile x="155" y="102" id="0" />
    <tile x="155" y="103" id="0" />
    <tile x="155" y="104" id="0" />
    <tile x="155" y="105" id="0" />
    <tile x="156" y="99" id="0" />
    <tile x="156" y="100" id="0" />
    <tile x="156" y="101" id="0" />
    <tile x="156" y="102" id="0" />
    <tile x="156" y="103" id="0" />
    <tile x="156" y="104" id="0" />
    <tile x="156" y="105" id="0" />
    <tile x="157" y="99" id="0" />
    <tile x="157" y="100" id="0" />
    <tile x="157" y="101" id="0" />
    <tile x="157" y="102" id="0" />
    <tile x="157" y="103" id="0" />
    <tile x="157" y="104" id="0" />
    <tile x="157" y="105" id="0" />
    <tile x="158" y="99" id="0" />
    <tile x="158" y="100" id="0" />
    <tile x="158" y="101" id="0" />
    <tile x="158" y="102" id="0" />
    <tile x="158" y="103" id="0" />
    <tile x="158" y="104" id="0" />
    <tile x="158" y="105" id="0" />
    <tile x="159" y="99" id="0" />
    <tile x="159" y="100" id="0" />
    <tile x="159" y="101" id="0" />
    <tile x="159" y="102" id="0" />
    <tile x="159" y="103" id="0" />
    <tile x="159" y="104" id="0" />
    <tile x="159" y="105" id="0" />
    <tile x="160" y="99" id="0" />
    <tile x="160" y="100" id="0" />
    <tile x="160" y="101" id="0" />
    <tile x="160" y="102" id="0" />
    <tile x="160" y="103" id="0" />
    <tile x="160" y="104" id="0" />
    <tile x="160" y="105" id="0" />
    <tile x="161" y="99" id="0" />
    <tile x="161" y="100" id="0" />
    <tile x="161" y="101" id="0" />
    <tile x="161" y="102" id="0" />
    <tile x="161" y="103" id="0" />
    <tile x="161" y="104" id="0" />
    <tile x="161" y="105" id="0" />
    <tile x="162" y="99" id="0" />
    <tile x="162" y="100" id="0" />
    <tile x="162" y="101" id="0" />
    <tile x="162" y="102" id="0" />
    <tile x="162" y="103" id="0" />
    <tile x="162" y="104" id="0" />
    <tile x="162" y="105" id="0" />
    <tile x="163" y="99" id="0" />
    <tile x="163" y="100" id="0" />
    <tile x="163" y="101" id="0" />
    <tile x="163" y="102" id="0" />
    <tile x="163" y="103" id="0" />
    <tile x="163" y="104" id="0" />
    <tile x="163" y="105" id="0" />
    <tile x="164" y="99" id="0" />
    <tile x="164" y="100" id="0" />
    <tile x="164" y="101" id="0" />
    <tile x="164" y="102" id="0" />
    <tile x="164" y="103" id="0" />
    <tile x="164" y="104" id="0" />
    <tile x="164" y="105" id="0" />
    <tile x="165" y="99" id="0" />
    <tile x="165" y="100" id="0" />
    <tile x="165" y="101" id="0" />
    <tile x="165" y="102" id="0" />
    <tile x="165" y="103" id="0" />
    <tile x="165" y="104" id="0" />
    <tile x="165" y="105" id="0" />
    <tile x="166" y="99" id="0" />
    <tile x="166" y="100" id="0" />
    <tile x="166" y="101" id="0" />
    <tile x="166" y="102" id="0" />
    <tile x="166" y="103" id="0" />
    <tile x="166" y="104" id="0" />
    <tile x="166" y="105" id="0" />
    <tile x="167" y="99" id="0" />
    <tile x="167" y="100" id="0" />
    <tile x="167" y="101" id="0" />
    <tile x="167" y="102" id="0" />
    <tile x="167" y="103" id="0" />
    <tile x="167" y="104" id="0" />
    <tile x="167" y="105" id="0" />
    <tile x="168" y="99" id="0" />
    <tile x="168" y="100" id="0" />
    <tile x="168" y="101" id="0" />
    <tile x="168" y="102" id="0" />
    <tile x="168" y="103" id="0" />
    <tile x="168" y="104" id="0" />
    <tile x="168" y="105" id="0" />
    <tile x="169" y="99" id="0" />
    <tile x="169" y="100" id="0" />
    <tile x="169" y="101" id="0" />
    <tile x="169" y="102" id="0" />
    <tile x="169" y="103" id="0" />
    <tile x="169" y="104" id="0" />
    <tile x="169" y="105" id="0" />
    <tile x="170" y="99" id="0" />
    <tile x="170" y="100" id="0" />
    <tile x="170" y="101" id="0" />
    <tile x="170" y="102" id="0" />
    <tile x="170" y="103" id="0" />
    <tile x="170" y="104" id="0" />
    <tile x="170" y="105" id="0" />
    <tile x="171" y="99" id="0" />
    <tile x="171" y="100" id="0" />
    <tile x="171" y="101" id="0" />
    <tile x="171" y="102" id="0" />
    <tile x="171" y="103" id="0" />
    <tile x="171" y="104" id="0" />
    <tile x="171" y="105" id="0" />
    <tile x="172" y="99" id="0" />
    <tile x="172" y="100" id="0" />
    <tile x="172" y="101" id="0" />
    <tile x="172" y="102" id="0" />
    <tile x="172" y="103" id="0" />
    <tile x="172" y="104" id="0" />
    <tile x="172" y="105" id="0" />
    <tile x="173" y="99" id="0" />
    <tile x="173" y="100" id="0" />
    <tile x="173" y="101" id="0" />
    <tile x="173" y="102" id="0" />
    <tile x="173" y="103" id="0" />
    <tile x="173" y="104" id="0" />
    <tile x="173" y="105" id="0" />
    <tile x="174" y="99" id="0" />
    <tile x="174" y="100" id="0" />
    <tile x="174" y="101" id="0" />
    <tile x="174" y="102" id="0" />
    <tile x="174" y="103" id="0" />
    <tile x="174" y="104" id="0" />
    <tile x="174" y="105" id="0" />
    <tile x="175" y="99" id="0" />
    <tile x="175" y="100" id="0" />
    <tile x="175" y="101" id="0" />
    <tile x="175" y="102" id="0" />
    <tile x="175" y="103" id="0" />
    <tile x="175" y="104" id="0" />
    <tile x="175" y="105" id="0" />
    <tile x="176" y="99" id="0" />
    <tile x="176" y="100" id="0" />
    <tile x="176" y="101" id="0" />
    <tile x="176" y="102" id="0" />
    <tile x="176" y="103" id="0" />
    <tile x="176" y="104" id="0" />
    <tile x="176" y="105" id="0" />
    <tile x="177" y="50" id="0" />
    <tile x="177" y="51" id="0" />
    <tile x="177" y="52" id="0" />
    <tile x="177" y="53" id="0" />
    <tile x="177" y="54" id="0" />
    <tile x="177" y="55" id="0" />
    <tile x="177" y="56" id="0" />
    <tile x="177" y="57" id="0" />
    <tile x="177" y="58" id="0" />
    <tile x="177" y="99" id="0" />
    <tile x="177" y="100" id="0" />
    <tile x="177" y="101" id="0" />
    <tile x="177" y="102" id="0" />
    <tile x="177" y="103" id="0" />
    <tile x="177" y="104" id="0" />
    <tile x="177" y="105" id="0" />
    <tile x="178" y="50" id="0" />
    <tile x="178" y="51" id="0" />
    <tile x="178" y="52" id="0" />
    <tile x="178" y="53" id="0" />
    <tile x="178" y="54" id="0" />
    <tile x="178" y="55" id="0" />
    <tile x="178" y="56" id="0" />
    <tile x="178" y="57" id="0" />
    <tile x="178" y="58" id="0" />
    <tile x="178" y="99" id="0" />
    <tile x="178" y="100" id="0" />
    <tile x="178" y="101" id="0" />
    <tile x="178" y="102" id="0" />
    <tile x="178" y="103" id="0" />
    <tile x="178" y="104" id="0" />
    <tile x="178" y="105" id="0" />
    <tile x="179" y="50" id="0" />
    <tile x="179" y="51" id="0" />
    <tile x="179" y="52" id="0" />
    <tile x="179" y="53" id="0" />
    <tile x="179" y="54" id="0" />
    <tile x="179" y="55" id="0" />
    <tile x="179" y="56" id="0" />
    <tile x="179" y="57" id="0" />
    <tile x="179" y="58" id="0" />
    <tile x="179" y="99" id="0" />
    <tile x="179" y="100" id="0" />
    <tile x="179" y="101" id="0" />
    <tile x="179" y="102" id="0" />
    <tile x="179" y="103" id="0" />
    <tile x="179" y="104" id="0" />
    <tile x="179" y="105" id="0" />
    <tile x="180" y="50" id="0" />
    <tile x="180" y="51" id="0" />
    <tile x="180" y="52" id="0" />
    <tile x="180" y="53" id="0" />
    <tile x="180" y="54" id="0" />
    <tile x="180" y="55" id="0" />
    <tile x="180" y="56" id="0" />
    <tile x="180" y="57" id="0" />
    <tile x="180" y="58" id="0" />
    <tile x="181" y="50" id="0" />
    <tile x="181" y="51" id="0" />
    <tile x="181" y="52" id="0" />
    <tile x="181" y="53" id="0" />
    <tile x="181" y="54" id="0" />
    <tile x="181" y="55" id="0" />
    <tile x="181" y="56" id="0" />
    <tile x="181" y="57" id="0" />
    <tile x="181" y="58" id="0" />
    <tile x="182" y="50" id="0" />
    <tile x="182" y="51" id="0" />
    <tile x="182" y="52" id="0" />
    <tile x="182" y="53" id="0" />
    <tile x="182" y="54" id="0" />
    <tile x="182" y="55" id="0" />
    <tile x="182" y="56" id="0" />
    <tile x="182" y="57" id="0" />
    <tile x="182" y="58" id="0" />
    <tile x="183" y="50" id="0" />
    <tile x="183" y="51" id="0" />
    <tile x="183" y="52" id="0" />
    <tile x="183" y="53" id="0" />
    <tile x="183" y="54" id="0" />
    <tile x="183" y="55" id="0" />
    <tile x="183" y="56" id="0" />
    <tile x="183" y="57" id="0" />
    <tile x="183" y="58" id="0" />
    <tile x="184" y="50" id="0" />
    <tile x="184" y="51" id="0" />
    <tile x="184" y="52" id="0" />
    <tile x="184" y="53" id="0" />
    <tile x="184" y="54" id="0" />
    <tile x="184" y="55" id="0" />
    <tile x="184" y="56" id="0" />
    <tile x="184" y="57" id="0" />
    <tile x="184" y="58" id="0" />
    <tile x="185" y="50" id="0" />
    <tile x="185" y="51" id="0" />
    <tile x="185" y="52" id="0" />
    <tile x="185" y="53" id="0" />
    <tile x="185" y="54" id="0" />
    <tile x="185" y="55" id="0" />
    <tile x="185" y="56" id="0" />
    <tile x="185" y="57" id="0" />
    <tile x="185" y="58" id="0" />
  </Tiles>
</level>